eID,First_Name,Last_Name,Emp_Email,Emp_Gender,Emp_IP_Address,Emp_Salary,Emp_Country
1,Avrit,Keay,akeay0@irs.gov,Female,104.197.156.131,$20654.13,Poland
2,Courtnay,Kilford,ckilford1@about.com,Male,160.113.185.44,$21868.75,Cameroon
3,Rogerio,Beddo,rbeddo2@virginia.edu,Male,112.199.170.192,$9975.89,Czech Republic
4,Kamilah,Rimmington,krimmington3@fotki.com,Female,149.10.89.239,$13891.81,Panama
5,Eb,Campbell,ecampbell4@usatoday.com,Male,169.10.27.124,$14572.47,Argentina
6,Mireille,Aughtie,maughtie5@howstuffworks.com,Female,91.14.61.163,$27698.02,Finland
7,Kerr,Boucher,kboucher6@msn.com,Male,143.253.250.133,$30531.23,Mauritius
8,Morganica,Harmar,mharmar7@nba.com,Female,240.172.242.64,$37554.49,Honduras
9,Rudd,Kearley,rkearley8@tuttocitta.it,Male,205.166.52.91,$10622.12,Russia
10,Valentia,Simms,vsimms9@usda.gov,Female,77.61.228.59,$22406.30,Poland
11,Cecilius,Korbmaker,ckorbmakera@usda.gov,Male,195.252.250.190,$17242.93,China
12,Percival,Bampton,pbamptonb@wikimedia.org,Male,73.13.54.95,$31393.60,Thailand
13,Clint,Jukes,cjukesc@biblegateway.com,Male,49.84.162.243,$16140.28,Ireland
14,Lazaro,Allatt,lallattd@epa.gov,Male,54.126.194.224,$37240.60,Ethiopia
15,Tresa,Pawsey,tpawseye@barnesandnoble.com,Polygender,106.142.133.220,$2082.23,Czech Republic
16,Dylan,Caso,dcasof@boston.com,Male,51.15.82.95,$7070.55,South Korea
17,Rickard,Ruslin,rrusling@nyu.edu,Male,184.174.205.184,$17046.21,Philippines
18,Gayler,Ummfrey,gummfreyh@berkeley.edu,Male,227.36.91.109,$24051.46,Greece
19,Nico,Tompkin,ntompkini@histats.com,Genderqueer,191.15.171.31,$13354.21,China
20,Ketty,Bonson,kbonsonj@blog.com,Female,117.80.190.124,$39273.32,Iraq
21,Nicolais,Shekle,nsheklek@seattletimes.com,Male,35.183.147.151,$6350.65,China
22,Mathian,Munkley,mmunkleyl@ft.com,Male,106.164.128.135,$39461.43,Portugal
23,Opaline,Menham,omenhamm@npr.org,Female,136.167.40.6,$13583.90,Portugal
24,Naoma,O'Brogan,nobrogann@kickstarter.com,Female,93.5.10.49,$3060.17,China
25,Fiann,Silkston,fsilkstono@microsoft.com,Polygender,154.41.69.87,$10426.92,Norway
26,Cristionna,Ceeley,cceeleyp@ucoz.com,Female,170.155.101.32,$20997.23,Indonesia
27,Verene,Billington,vbillingtonq@stumbleupon.com,Female,178.254.71.80,$27264.35,Latvia
28,Chickie,Potapczuk,cpotapczukr@state.gov,Genderfluid,88.175.17.255,$25196.35,Indonesia
29,Pammi,McKea,pmckeas@about.me,Female,185.85.87.210,$35261.11,Morocco
30,Annabella,Bisatt,abisattt@fotki.com,Non-binary,167.47.144.21,$22753.18,China
31,Swen,Marfell,smarfellu@microsoft.com,Male,93.240.232.157,$38171.58,Philippines
32,Nealson,Kernar,nkernarv@virginia.edu,Male,30.178.221.110,$9819.18,Haiti
33,Anstice,Soden,asodenw@census.gov,Female,113.226.40.211,$17123.85,Russia
34,Rubin,Basile,rbasilex@hao123.com,Genderfluid,244.245.2.4,$19318.85,Russia
35,Debora,Doby,ddobyy@jugem.jp,Female,25.181.193.99,$12176.82,Russia
36,Eloise,Crebo,ecreboz@prlog.org,Female,25.91.43.239,$32670.98,Thailand
37,Kellyann,Everson,keverson10@apache.org,Female,40.210.16.77,$1853.12,Canada
38,Patrizio,Dahlback,pdahlback11@naver.com,Non-binary,139.236.0.254,$37577.91,Sweden
39,Erma,Havis,ehavis12@economist.com,Female,16.121.128.183,$10470.96,Peru
40,Essie,Oglethorpe,eoglethorpe13@soup.io,Female,141.144.181.50,$1274.66,Russia
41,Sayre,Egdale,segdale14@dedecms.com,Female,126.42.26.177,$37134.91,Philippines
42,Wilhelmine,Segrave,wsegrave15@state.gov,Female,249.207.154.151,$12000.29,Indonesia
43,Molli,Jaumet,mjaumet16@ebay.co.uk,Female,17.99.16.5,$1309.69,Poland
44,John,Avent,javent17@google.co.uk,Agender,93.198.111.136,$13763.18,China
45,Marlin,Hospital,mhospital18@twitpic.com,Male,192.36.114.235,$24808.25,Indonesia
46,Skip,Ollerton,sollerton19@furl.net,Male,177.50.166.141,$35178.00,United States
47,Cornelle,Jone,cjone1a@drupal.org,Female,181.248.169.58,$15941.17,Philippines
48,Hilliard,Duffer,hduffer1b@indiegogo.com,Male,111.157.111.247,$23047.08,Czech Republic
49,Gard,Jeske,gjeske1c@youtu.be,Genderfluid,123.26.163.121,$15176.04,Czech Republic
50,Bartholomew,Fuentes,bfuentes1d@narod.ru,Genderfluid,58.197.166.12,$19707.90,Philippines
51,Flossy,Benediktsson,fbenediktsson1e@e-recht24.de,Female,209.48.18.9,$21911.51,Poland
52,Tucker,Aizikowitz,taizikowitz1f@eepurl.com,Male,169.70.50.160,$27267.49,Brazil
53,Ford,Brasener,fbrasener1g@uol.com.br,Male,179.148.165.98,$7085.48,China
54,Leodora,Chrichton,lchrichton1h@java.com,Female,87.43.178.175,$19813.42,Argentina
55,Dorey,Hrishanok,dhrishanok1i@mysql.com,Female,242.41.29.159,$13458.44,France
56,Doralin,Loch,dloch1j@tiny.cc,Female,203.192.0.91,$23820.20,Philippines
57,Roxy,Biaggetti,rbiaggetti1k@squarespace.com,Female,51.19.18.105,$14837.39,Philippines
58,Norry,Roote,nroote1l@walmart.com,Male,250.89.16.21,$32732.63,Philippines
59,Gaultiero,Rimour,grimour1m@unicef.org,Male,135.71.101.153,$39883.69,Indonesia
60,Fawne,Peffer,fpeffer1n@qq.com,Female,204.172.6.158,$5520.45,South Korea
61,Ninnette,Pillington,npillington1o@jalbum.net,Female,178.84.80.79,$31919.16,Indonesia
62,Jesselyn,O'Keevan,jokeevan1p@disqus.com,Female,203.207.137.169,$20138.84,Guatemala
63,Hollis,Kettridge,hkettridge1q@tamu.edu,Male,14.81.48.123,$20368.13,Mexico
64,Jehanna,Pye,jpye1r@google.com.au,Female,13.119.64.139,$31051.81,Zambia
65,Haywood,McTerlagh,hmcterlagh1s@bloglines.com,Male,28.21.162.29,$9470.92,Brazil
66,Elvyn,Eannetta,eeannetta1t@stumbleupon.com,Male,123.77.104.254,$29182.64,Philippines
67,Goldarina,Mudd,gmudd1u@redcross.org,Female,229.63.58.157,$21103.21,Malaysia
68,Marline,Snelle,msnelle1v@pinterest.com,Female,173.178.74.41,$14282.48,Brazil
69,Jennica,Cresswell,jcresswell1w@ibm.com,Female,214.102.106.233,$13019.85,Argentina
70,Kara-lynn,Nibley,knibley1x@nydailynews.com,Female,139.120.188.24,$30339.59,Rwanda
71,Rois,Leades,rleades1y@wikia.com,Female,3.11.240.228,$6933.81,Poland
72,Becca,Ten Broek,btenbroek1z@fc2.com,Female,198.181.153.165,$31510.53,Brazil
73,Worthington,Bamlet,wbamlet20@harvard.edu,Male,39.48.253.81,$1721.51,Malaysia
74,Hillier,Marquiss,hmarquiss21@hao123.com,Male,222.203.231.4,$35801.69,Mexico
75,Caryn,Bysh,cbysh22@tmall.com,Female,91.237.226.173,$11405.76,China
76,Brandyn,Keddey,bkeddey23@cbc.ca,Male,19.169.129.190,$34216.42,Poland
77,Buddy,Spino,bspino24@posterous.com,Male,63.218.233.61,$12605.78,China
78,Rivi,Carlon,rcarlon25@nydailynews.com,Female,240.47.156.212,$30419.98,Saint Kitts and Nevis
79,Sydney,Wynne,swynne26@mediafire.com,Male,188.62.65.113,$4400.54,Portugal
80,Donnie,Carwithan,dcarwithan27@baidu.com,Male,64.243.85.254,$37820.85,Pakistan
81,Hillary,Dinneen,hdinneen28@deliciousdays.com,Male,165.65.70.90,$9231.65,Brazil
82,Hagen,Cardenoso,hcardenoso29@scribd.com,Male,182.78.250.163,$8619.26,Sweden
83,Stacy,Musla,smusla2a@arstechnica.com,Genderqueer,103.160.108.191,$4234.09,Russia
84,Hoebart,Silby,hsilby2b@naver.com,Male,209.68.230.49,$30475.61,Peru
85,Raymund,Callander,rcallander2c@odnoklassniki.ru,Male,101.255.123.74,$22873.64,Indonesia
86,Lauraine,Cyseley,lcyseley2d@lulu.com,Female,13.11.230.203,$3824.52,Palestinian Territory
87,Joy,Gobeaux,jgobeaux2e@smh.com.au,Female,107.56.90.71,$33782.51,Indonesia
88,Minnie,Welham,mwelham2f@soundcloud.com,Female,113.167.236.106,$37842.39,United States
89,Maureene,Will,mwill2g@ocn.ne.jp,Female,133.54.27.170,$7256.46,Morocco
90,Raeann,Vyel,rvyel2h@nasa.gov,Female,153.177.132.44,$11818.25,Uzbekistan
91,Charin,Swadlin,cswadlin2i@smugmug.com,Female,37.85.145.104,$19243.15,China
92,Gerta,Antecki,gantecki2j@miitbeian.gov.cn,Female,170.182.110.189,$26788.59,Laos
93,Antonin,Calendar,acalendar2k@naver.com,Male,231.43.25.74,$19010.98,Japan
94,Phyllys,Burwood,pburwood2l@amazonaws.com,Female,136.103.105.135,$22712.85,Latvia
95,Xever,Carmichael,xcarmichael2m@sogou.com,Male,107.192.6.150,$16096.78,Portugal
96,Francklyn,Catchpole,fcatchpole2n@e-recht24.de,Male,228.195.133.65,$18050.01,Russia
97,Brion,Kesteven,bkesteven2o@gmpg.org,Male,77.75.155.194,$28087.79,Bulgaria
98,Wayland,Orta,worta2p@dyndns.org,Male,185.221.30.143,$13884.33,China
99,Tanner,Klein,tklein2q@yahoo.co.jp,Male,11.164.34.37,$7628.08,Sweden
100,Suzanna,Artz,sartz2r@usda.gov,Female,172.135.134.227,$2393.84,Colombia
101,Robbie,Peche,rpeche2s@dailymotion.com,Agender,15.49.94.60,$9330.38,Nicaragua
102,Cash,Greenacre,cgreenacre2t@myspace.com,Male,240.154.96.14,$31823.22,Russia
103,Lexis,Serfati,lserfati2u@globo.com,Female,48.9.127.23,$22844.96,Georgia
104,Locke,Schoenrock,lschoenrock2v@wikispaces.com,Male,146.30.138.29,$21440.35,China
105,Bearnard,Mallinder,bmallinder2w@sina.com.cn,Male,105.215.105.232,$39791.70,Finland
106,Billie,Risborough,brisborough2x@wordpress.com,Male,176.124.29.30,$37149.90,Czech Republic
107,Almire,Smidmore,asmidmore2y@google.com,Female,215.145.250.229,$26992.29,Indonesia
108,Dorena,Pettigrew,dpettigrew2z@artisteer.com,Bigender,216.89.35.41,$14760.12,Sweden
109,Jilly,Bremley,jbremley30@ed.gov,Female,226.60.22.248,$21204.58,Ireland
110,Allister,Hooban,ahooban31@ft.com,Male,237.168.108.238,$10428.39,Philippines
111,Amble,Von Der Empten,avonderempten32@123-reg.co.uk,Male,122.150.106.150,$16305.91,Indonesia
112,Oriana,Liversidge,oliversidge33@bravesites.com,Female,26.240.160.140,$12512.51,France
113,Wendie,Liger,wliger34@digg.com,Female,111.4.118.221,$27775.62,Poland
114,Nigel,Osichev,nosichev35@jugem.jp,Male,152.58.84.100,$26750.24,China
115,Michal,Malmar,mmalmar36@dagondesign.com,Male,207.122.162.113,$29080.37,Philippines
116,Ilysa,Layzell,ilayzell37@tmall.com,Female,87.26.101.230,$38602.69,Peru
117,Sarah,Archbold,sarchbold38@yahoo.co.jp,Female,28.164.227.215,$11477.02,Iran
118,Britte,Britian,bbritian39@apple.com,Female,207.31.167.169,$4599.69,China
119,Cassaundra,Aicheson,caicheson3a@stanford.edu,Female,76.13.230.202,$14375.34,Syria
120,Pauly,Fuxman,pfuxman3b@earthlink.net,Male,187.118.5.232,$17307.20,Maldives
121,Zandra,Edmenson,zedmenson3c@miitbeian.gov.cn,Female,137.146.41.3,$7184.72,Thailand
122,Nanon,Privett,nprivett3d@mozilla.com,Female,201.24.0.176,$4382.36,China
123,Cal,Esbrook,cesbrook3e@sciencedaily.com,Female,183.225.19.22,$23848.27,China
124,Farleigh,St Quenin,fstquenin3f@google.es,Male,163.103.39.76,$39504.28,Canada
125,Dino,Torrance,dtorrance3g@tiny.cc,Male,7.159.201.242,$10410.45,Bosnia and Herzegovina
126,Seth,Stovold,sstovold3h@aol.com,Male,202.76.78.218,$37777.49,Portugal
127,Hadleigh,Amber,hamber3i@economist.com,Male,65.91.104.88,$24982.39,China
128,Appolonia,Chudleigh,achudleigh3j@joomla.org,Female,176.207.46.212,$18098.86,China
129,Clerc,Winkless,cwinkless3k@deviantart.com,Male,192.4.164.41,$1212.47,Morocco
130,Lissy,Sweynson,lsweynson3l@toplist.cz,Female,47.185.116.30,$32910.82,China
131,Johny,Battson,jbattson3m@fotki.com,Male,42.154.154.86,$7451.72,China
132,Jilleen,Gladwish,jgladwish3n@sogou.com,Female,175.76.232.76,$8542.84,Japan
133,Austin,Toderi,atoderi3o@disqus.com,Male,246.192.154.252,$4793.94,Cameroon
134,Dew,Corinton,dcorinton3p@xing.com,Male,241.121.37.247,$36714.25,Netherlands
135,Emmy,Batteson,ebatteson3q@archive.org,Female,126.56.208.131,$26143.30,Sri Lanka
136,Carly,Andrioli,candrioli3r@bing.com,Female,252.110.127.221,$12591.94,Morocco
137,Charles,Banting,cbanting3s@scribd.com,Male,181.168.173.224,$33742.94,Indonesia
138,Nikolaus,Wooding,nwooding3t@fc2.com,Male,107.237.216.111,$3079.92,Japan
139,Berti,Bourley,bbourley3u@spotify.com,Female,99.177.112.79,$2458.64,China
140,Rusty,Paterson,rpaterson3v@blog.com,Male,168.170.114.208,$17162.19,China
141,Symon,Scotfurth,sscotfurth3w@bbb.org,Male,234.108.46.188,$16117.62,Canada
142,Judd,Pendergast,jpendergast3x@taobao.com,Male,226.209.30.45,$33905.59,Syria
143,Templeton,Ajsik,tajsik3y@facebook.com,Male,196.26.23.62,$13789.40,Ukraine
144,Norton,Hallet,nhallet3z@aol.com,Male,100.110.153.123,$20643.45,China
145,My,Kolakowski,mkolakowski40@artisteer.com,Male,185.39.57.81,$18117.50,China
146,Dare,Madner,dmadner41@newyorker.com,Male,192.15.160.98,$7916.88,China
147,Francois,O' Culligan,foculligan42@tiny.cc,Male,0.154.31.226,$9678.57,Japan
148,Nappie,Wimmers,nwimmers43@yolasite.com,Male,132.39.171.130,$31886.73,Serbia
149,Vanny,Beeching,vbeeching44@ocn.ne.jp,Female,212.109.137.20,$23680.54,Ireland
150,Merill,Thrustle,mthrustle45@a8.net,Male,35.121.191.151,$22245.73,China
151,Lindsay,Rubes,lrubes46@ifeng.com,Female,156.176.250.109,$13854.91,Thailand
152,Christine,Hallowell,challowell47@spiegel.de,Female,32.212.129.139,$11694.87,China
153,Otho,Tooze,otooze48@blinklist.com,Male,94.210.105.242,$27452.80,China
154,Mignon,Crosser,mcrosser49@admin.ch,Female,78.21.247.66,$15549.51,China
155,Manda,Rouby,mrouby4a@typepad.com,Female,230.33.11.124,$20469.74,Philippines
156,Ban,Sole,bsole4b@ask.com,Male,187.250.26.51,$12905.16,Indonesia
157,Malory,Flaverty,mflaverty4c@phoca.cz,Female,20.245.124.14,$13116.06,China
158,Yalonda,Goater,ygoater4d@xinhuanet.com,Female,81.71.187.88,$39001.57,Russia
159,Corny,Puttick,cputtick4e@themeforest.net,Male,196.141.70.110,$10812.19,Indonesia
160,Daria,Rubury,drubury4f@businessweek.com,Female,68.122.53.183,$21813.65,Indonesia
161,Lalo,Comport,lcomport4g@twitpic.com,Male,66.185.96.61,$19130.40,Philippines
162,Mina,Domenici,mdomenici4h@over-blog.com,Female,86.36.205.97,$15603.27,Poland
163,Tremaine,Coster,tcoster4i@surveymonkey.com,Male,247.65.243.253,$6517.96,China
164,De,Digan,ddigan4j@discovery.com,Female,102.45.76.121,$27530.54,Colombia
165,Angil,Trainer,atrainer4k@phpbb.com,Female,81.27.211.72,$38034.82,China
166,Torey,Sewill,tsewill4l@bloglovin.com,Female,243.141.9.229,$36068.26,Russia
167,Mateo,Keyhoe,mkeyhoe4m@tiny.cc,Male,81.229.210.145,$22476.40,France
168,Tomkin,Keward,tkeward4n@i2i.jp,Male,30.137.117.27,$19394.94,France
169,Kerstin,Beneix,kbeneix4o@digg.com,Female,65.137.11.153,$34292.17,Philippines
170,Thatcher,Geary,tgeary4p@chronoengine.com,Male,191.183.159.58,$26014.94,Indonesia
171,Teodor,Habeshaw,thabeshaw4q@newsvine.com,Male,121.63.240.41,$14255.50,Czech Republic
172,Rosetta,Penton,rpenton4r@comsenz.com,Female,105.35.139.14,$21536.49,Germany
173,Bentlee,Cains,bcains4s@yale.edu,Male,172.232.139.66,$36729.19,Czech Republic
174,Madelyn,Durgan,mdurgan4t@elpais.com,Female,185.201.147.243,$9386.81,Albania
175,Claudia,Grumell,cgrumell4u@eventbrite.com,Female,139.44.20.244,$38173.13,Western Sahara
176,Myrilla,Corbishley,mcorbishley4v@tinyurl.com,Female,61.130.187.2,$34769.00,Brazil
177,Christine,Amber,camber4w@cnbc.com,Genderfluid,211.51.87.180,$26370.73,France
178,Alley,Beaulieu,abeaulieu4x@craigslist.org,Male,176.43.127.67,$37400.83,Afghanistan
179,Gerrie,Corday,gcorday4y@constantcontact.com,Male,219.34.253.30,$3658.10,Philippines
180,Budd,Boullin,bboullin4z@typepad.com,Male,100.148.199.24,$30343.62,Philippines
181,Rooney,Roseborough,rroseborough50@tinyurl.com,Male,193.180.179.163,$17862.01,Brazil
182,Clemente,Coughtrey,ccoughtrey51@imageshack.us,Male,85.67.69.193,$19794.65,Italy
183,Salmon,Pevsner,spevsner52@adobe.com,Male,133.136.56.69,$21381.82,Albania
184,Ketty,Franklin,kfranklin53@chronoengine.com,Female,24.19.189.188,$11395.09,Belgium
185,Genny,Folan,gfolan54@sciencedirect.com,Female,77.211.176.234,$23669.13,Indonesia
186,Raquel,Soughton,rsoughton55@123-reg.co.uk,Female,84.244.115.194,$22345.17,Canada
187,Dougie,Pickersail,dpickersail56@sina.com.cn,Male,107.207.117.168,$9288.41,Philippines
188,Kelcy,Hogben,khogben57@slideshare.net,Female,9.142.172.230,$11460.15,Albania
189,Jedd,MacFaell,jmacfaell58@reverbnation.com,Male,183.102.255.25,$12864.67,China
190,Melissa,O'Leagham,moleagham59@istockphoto.com,Female,103.93.249.219,$11753.32,Ukraine
191,Randall,Fitzjohn,rfitzjohn5a@uol.com.br,Male,38.49.116.168,$16726.56,Mexico
192,Deirdre,Dodsley,ddodsley5b@cdc.gov,Female,46.238.246.170,$21868.77,China
193,Conroy,Gallifont,cgallifont5c@adobe.com,Male,43.196.201.157,$6090.26,Afghanistan
194,Ethelbert,Suddock,esuddock5d@g.co,Non-binary,188.226.185.188,$5046.90,Dominican Republic
195,Alasteir,Corry,acorry5e@blinklist.com,Male,208.159.211.204,$34568.40,Chile
196,Hube,Portal,hportal5f@ed.gov,Male,103.232.171.233,$10357.64,China
197,Clair,Shire,cshire5g@marketwatch.com,Male,201.186.115.68,$36575.52,Greece
198,Carolann,Prujean,cprujean5h@opensource.org,Female,253.119.99.137,$9412.00,Portugal
199,Norry,Heselwood,nheselwood5i@microsoft.com,Male,179.207.189.116,$29631.07,France
200,Lissy,Mellem,lmellem5j@npr.org,Female,77.127.143.218,$23642.22,China
201,Agretha,Hayle,ahayle5k@columbia.edu,Female,159.11.74.53,$6110.57,China
202,Elianora,Iffe,eiffe5l@canalblog.com,Genderfluid,166.101.150.144,$37578.59,Russia
203,Brit,Fullard,bfullard5m@who.int,Female,96.255.217.6,$33319.62,Sweden
204,Urbanus,Kyte,ukyte5n@netvibes.com,Male,22.224.41.208,$33028.12,Belarus
205,Trevor,Lurcock,tlurcock5o@i2i.jp,Male,17.112.154.78,$1861.85,Indonesia
206,Neils,Curr,ncurr5p@stanford.edu,Male,238.114.31.243,$30514.46,Azerbaijan
207,Reynard,Baldery,rbaldery5q@youku.com,Male,50.211.55.190,$39767.03,Argentina
208,Boniface,Harding,bharding5r@com.com,Male,222.16.237.88,$37337.67,Palestinian Territory
209,Lori,Cossington,lcossington5s@nba.com,Female,139.240.7.157,$21628.53,China
210,Calhoun,Nuccitelli,cnuccitelli5t@howstuffworks.com,Male,184.187.40.17,$15418.65,Brazil
211,Teddi,Ellington,tellington5u@arizona.edu,Female,89.204.80.186,$35177.41,Indonesia
212,Arleta,Yukhnin,ayukhnin5v@craigslist.org,Non-binary,218.107.15.148,$39342.84,Indonesia
213,Skipton,Webber,swebber5w@4shared.com,Male,229.157.184.86,$27875.68,Morocco
214,Anni,Ahearne,aahearne5x@blogger.com,Female,44.171.237.123,$5316.44,Tanzania
215,Lavena,Smeath,lsmeath5y@pen.io,Polygender,194.176.55.87,$37776.50,Norway
216,Gerick,Favelle,gfavelle5z@google.fr,Male,183.221.0.179,$26256.84,Brazil
217,Kaleb,Kinver,kkinver60@youku.com,Agender,71.191.62.43,$37669.97,Poland
218,Wiley,Cornau,wcornau61@paypal.com,Male,185.147.203.93,$16651.65,Guatemala
219,Ingar,Novik,inovik62@123-reg.co.uk,Male,138.218.50.205,$1069.11,Sweden
220,Melesa,McClaughlin,mmcclaughlin63@admin.ch,Female,229.62.150.202,$38226.23,Honduras
221,Morey,Oldroyd,moldroyd64@unblog.fr,Male,252.186.74.36,$16672.74,China
222,Anni,Jollye,ajollye65@g.co,Bigender,250.196.180.15,$20734.14,China
223,Isahella,Carlens,icarlens66@bbc.co.uk,Female,23.147.167.109,$38788.08,China
224,Cecily,Hawke,chawke67@deviantart.com,Female,28.219.197.89,$37535.94,Indonesia
225,Reinold,Simacek,rsimacek68@patch.com,Male,193.15.149.160,$3688.58,Egypt
226,Gayelord,Wallbridge,gwallbridge69@businessweek.com,Male,4.84.9.26,$23630.69,Guatemala
227,Bobbie,Hadfield,bhadfield6a@cafepress.com,Female,194.220.164.17,$8408.29,Slovenia
228,Lucretia,Robertucci,lrobertucci6b@xrea.com,Female,110.194.75.65,$1573.83,Taiwan
229,Kassie,Keough,kkeough6c@cmu.edu,Female,167.119.199.76,$39941.94,Albania
230,Sauveur,Fiddymont,sfiddymont6d@is.gd,Genderfluid,41.81.59.172,$35606.12,China
231,Web,Midson,wmidson6e@fc2.com,Male,85.142.57.190,$34554.72,Russia
232,Millicent,Courvert,mcourvert6f@usda.gov,Female,162.171.148.199,$33829.86,Kyrgyzstan
233,Mikael,Starford,mstarford6g@geocities.jp,Male,218.127.17.227,$14610.81,Philippines
234,Margarete,Kinforth,mkinforth6h@technorati.com,Female,116.217.170.47,$6865.29,China
235,Susy,Calderwood,scalderwood6i@npr.org,Female,163.243.240.164,$27839.96,China
236,Pasquale,Rose,prose6j@jalbum.net,Male,128.16.254.129,$11442.79,Denmark
237,Lucas,Hakonsen,lhakonsen6k@pen.io,Male,174.116.232.82,$32989.70,China
238,Erv,Jentges,ejentges6l@wikia.com,Polygender,244.79.57.113,$21380.77,France
239,Daveta,Denver,ddenver6m@multiply.com,Female,19.181.70.70,$28000.30,China
240,Christian,Silverson,csilverson6n@comsenz.com,Female,220.195.30.213,$10919.05,China
241,Ricard,Mawd,rmawd6o@dropbox.com,Bigender,107.26.112.156,$16092.96,China
242,Alphonso,Moller,amoller6p@opensource.org,Male,180.109.149.67,$5854.28,China
243,Daniele,Beining,dbeining6q@cnn.com,Female,16.204.215.171,$20792.42,China
244,Jonell,De La Coste,jdelacoste6r@seesaa.net,Female,129.125.66.121,$34114.69,Indonesia
245,Ashley,Petras,apetras6s@wikispaces.com,Male,14.72.179.101,$30635.47,Hungary
246,Amitie,Rasor,arasor6t@unicef.org,Female,58.141.206.193,$20610.31,China
247,Saw,Fidele,sfidele6u@twitter.com,Male,105.0.196.125,$28447.64,Indonesia
248,Gisele,Reddish,greddish6v@webnode.com,Female,224.44.251.95,$14643.63,China
249,Betteann,Cheley,bcheley6w@sfgate.com,Female,25.198.0.133,$4169.36,Peru
250,Andonis,Bradfield,abradfield6x@amazonaws.com,Male,196.134.130.179,$10454.45,China
251,Aldon,Kellock,akellock6y@parallels.com,Male,178.54.51.38,$14675.96,Philippines
252,Orin,Findlater,ofindlater6z@army.mil,Male,4.234.7.74,$11081.55,Indonesia
253,Ebenezer,Wapple,ewapple70@kickstarter.com,Male,147.205.78.90,$22949.98,Colombia
254,Bengt,Rides,brides71@mayoclinic.com,Male,135.19.144.129,$27314.81,Colombia
255,Hewett,Davenell,hdavenell72@myspace.com,Male,127.255.246.189,$13292.41,Portugal
256,Boony,Daykin,bdaykin73@msu.edu,Male,87.118.92.243,$7913.38,China
257,Rosella,Soares,rsoares74@mediafire.com,Female,201.49.248.3,$28925.90,Ukraine
258,Rachel,Mees,rmees75@hugedomains.com,Female,2.253.3.131,$4872.03,Guatemala
259,Libbi,Laville,llaville76@ameblo.jp,Female,75.59.56.233,$36737.20,Nigeria
260,Natty,Cortes,ncortes77@utexas.edu,Male,76.61.101.6,$29683.70,Mexico
261,Marina,Moynham,mmoynham78@purevolume.com,Female,29.120.186.134,$23961.86,China
262,Arda,Clougher,aclougher79@ning.com,Female,15.1.137.17,$29279.67,Mongolia
263,Tiffy,Boutell,tboutell7a@sitemeter.com,Female,125.63.254.220,$39124.89,France
264,Wilmar,Mowat,wmowat7b@home.pl,Male,205.208.42.189,$27120.86,Czech Republic
265,Julia,Jess,jjess7c@usda.gov,Female,172.152.3.85,$9332.24,South Africa
266,Emelyne,Leggett,eleggett7d@wikipedia.org,Female,144.55.66.139,$17187.17,United States
267,Dare,Shawell,dshawell7e@diigo.com,Male,9.146.230.122,$7710.32,Indonesia
268,Eleanore,Fice,efice7f@reuters.com,Female,35.136.122.133,$7838.60,Portugal
269,Kariotta,Hawksworth,khawksworth7g@phpbb.com,Female,33.118.149.143,$31278.77,United States
270,Chloris,Kunzel,ckunzel7h@ask.com,Female,65.14.191.174,$34436.59,Indonesia
271,Tabby,Tapper,ttapper7i@wordpress.com,Male,163.10.117.180,$17891.59,Japan
272,Forester,Edon,fedon7j@bandcamp.com,Male,10.131.35.244,$18474.97,Uzbekistan
273,Traci,Fruchter,tfruchter7k@wix.com,Female,1.35.133.88,$9815.53,Poland
274,Ingamar,Hitzke,ihitzke7l@hp.com,Male,224.166.209.127,$25768.70,China
275,Nataniel,Skunes,nskunes7m@slate.com,Male,77.39.250.211,$29532.94,Poland
276,Ollie,Radnage,oradnage7n@deliciousdays.com,Female,5.211.32.151,$21387.64,Comoros
277,Nancy,Brunon,nbrunon7o@stumbleupon.com,Female,163.133.181.161,$10397.47,Indonesia
278,Sissie,Hassin,shassin7p@live.com,Female,124.43.69.32,$3433.37,Haiti
279,Helena,Twydell,htwydell7q@prweb.com,Non-binary,154.236.157.210,$25921.95,Philippines
280,Renard,Kissack,rkissack7r@tmall.com,Male,36.87.254.73,$15150.54,China
281,Cassaundra,Sugars,csugars7s@latimes.com,Female,187.62.63.213,$20994.10,Brazil
282,Tobey,Bummfrey,tbummfrey7t@360.cn,Female,172.193.197.107,$18398.38,Brazil
283,Emlen,Churm,echurm7u@csmonitor.com,Male,164.231.126.232,$7136.70,France
284,Sherman,Switland,sswitland7v@cbc.ca,Male,67.65.166.116,$1218.42,Bulgaria
285,Claudelle,Grogono,cgrogono7w@plala.or.jp,Female,197.72.187.10,$10383.10,China
286,Kaleena,Isworth,kisworth7x@utexas.edu,Female,213.118.214.188,$34915.58,Indonesia
287,Lacie,Glawsop,lglawsop7y@quantcast.com,Female,211.83.101.86,$9546.97,Philippines
288,Tova,Matonin,tmatonin7z@ehow.com,Female,61.142.98.85,$31230.03,France
289,Ally,Ambrosetti,aambrosetti80@state.tx.us,Female,208.113.171.251,$14953.04,Albania
290,Lemar,Peirpoint,lpeirpoint81@mediafire.com,Male,133.246.204.170,$3807.62,Bosnia and Herzegovina
291,Gale,Jedrzejkiewicz,gjedrzejkiewicz82@ftc.gov,Female,173.187.113.210,$12288.80,Honduras
292,Engelbert,Jaray,ejaray83@gnu.org,Male,25.204.146.184,$3456.80,Pakistan
293,Adan,Hucknall,ahucknall84@weibo.com,Female,78.215.42.127,$10379.37,Russia
294,Danyette,Cosin,dcosin85@smugmug.com,Female,225.172.13.246,$37301.25,Morocco
295,Sutherland,Olyfat,solyfat86@w3.org,Male,77.21.124.76,$12201.45,Greece
296,Filberto,Lambell,flambell87@paypal.com,Genderfluid,171.144.95.23,$14716.55,Vietnam
297,Kelila,Vamplew,kvamplew88@businessinsider.com,Female,153.236.211.40,$18012.03,Kazakhstan
298,Zulema,Binner,zbinner89@tripod.com,Female,189.119.167.131,$37117.95,China
299,Star,Davinet,sdavinet8a@ox.ac.uk,Female,136.69.111.235,$11969.08,Portugal
300,Ravi,Summerly,rsummerly8b@google.com.hk,Male,136.54.50.208,$36311.44,United States
301,Monica,Morey,mmorey8c@ameblo.jp,Female,109.195.66.1,$7462.04,Indonesia
302,Sandy,Whiteley,swhiteley8d@marketwatch.com,Male,111.253.22.168,$23650.88,Democratic Republic of the Congo
303,Rozelle,Crallan,rcrallan8e@geocities.jp,Female,183.246.114.148,$30802.19,Indonesia
304,Tabby,Aronoff,taronoff8f@spiegel.de,Female,251.171.170.162,$12753.69,Poland
305,Myra,Pigne,mpigne8g@time.com,Female,189.124.214.66,$5632.01,Poland
306,Jill,Matoshin,jmatoshin8h@google.it,Female,30.105.209.244,$6677.56,Russia
307,Dian,McGrath,dmcgrath8i@microsoft.com,Bigender,224.29.193.227,$27844.61,Poland
308,Portia,Bywaters,pbywaters8j@oaic.gov.au,Female,87.253.75.207,$18265.30,Poland
309,Neill,Confort,nconfort8k@latimes.com,Male,228.147.35.144,$5451.98,United States
310,Ethelred,O'Dyvoie,eodyvoie8l@google.nl,Male,215.20.90.193,$22558.23,Pakistan
311,Ardelis,Burgill,aburgill8m@wikipedia.org,Female,164.136.119.158,$20201.49,Russia
312,Burton,Kordovani,bkordovani8n@ox.ac.uk,Male,91.104.230.39,$12483.06,Ecuador
313,Gabriela,MacDunleavy,gmacdunleavy8o@alibaba.com,Female,142.80.253.147,$30690.11,China
314,Jan,Cosans,jcosans8p@virginia.edu,Female,96.73.254.241,$16399.93,Brazil
315,Tiena,Brereton,tbrereton8q@vkontakte.ru,Female,165.135.0.41,$22136.14,Indonesia
316,Aurlie,Duly,aduly8r@youtube.com,Female,81.114.7.171,$2482.29,China
317,Elva,Lalonde,elalonde8s@yandex.ru,Female,0.127.173.45,$13735.65,China
318,Griffin,Dumbrall,gdumbrall8t@seesaa.net,Male,100.8.33.235,$3605.40,Portugal
319,Ricardo,Ashpole,rashpole8u@opera.com,Male,36.173.200.209,$22730.77,Slovenia
320,Kristian,Sante,ksante8v@homestead.com,Male,124.142.4.164,$17004.21,China
321,Francisco,Boodell,fboodell8w@constantcontact.com,Male,179.34.84.58,$13559.37,Poland
322,Shoshanna,Malone,smalone8x@phoca.cz,Female,205.177.37.95,$7378.70,Norway
323,Sabrina,Gallichiccio,sgallichiccio8y@geocities.com,Female,163.114.172.242,$15518.76,Mozambique
324,Randall,Giacopazzi,rgiacopazzi8z@dot.gov,Male,106.185.195.128,$19178.92,Argentina
325,Zerk,McMurty,zmcmurty90@istockphoto.com,Male,240.68.203.25,$30717.47,Philippines
326,Jaimie,Moulin,jmoulin91@desdev.cn,Female,77.41.97.145,$7971.54,Norway
327,Roderic,Gagen,rgagen92@wired.com,Male,55.150.27.253,$4975.34,Russia
328,Vikky,Meake,vmeake93@dion.ne.jp,Female,69.129.244.101,$25487.61,China
329,Danya,Comino,dcomino94@comcast.net,Female,19.38.169.54,$11736.55,Russia
330,Noland,Linskill,nlinskill95@dyndns.org,Male,189.80.41.13,$12844.66,Peru
331,Druci,Hammersley,dhammersley96@google.com.au,Female,106.17.192.68,$35926.23,Indonesia
332,Rolfe,Blundan,rblundan97@photobucket.com,Male,243.68.210.92,$23378.47,Indonesia
333,Arlen,Rigolle,arigolle98@blogspot.com,Female,102.224.115.27,$36370.35,Russia
334,Xenos,Buncher,xbuncher99@hc360.com,Male,178.170.81.114,$12284.61,Syria
335,Vonni,Dublin,vdublin9a@storify.com,Agender,68.73.165.211,$30436.74,Guinea-Bissau
336,Zabrina,Ritmeier,zritmeier9b@gov.uk,Female,119.48.236.143,$33699.16,China
337,Stanton,Bicknell,sbicknell9c@adobe.com,Male,121.231.145.50,$24728.89,Paraguay
338,Robin,Lerhinan,rlerhinan9d@1und1.de,Female,147.67.231.174,$13235.93,Saint Vincent and the Grenadines
339,Horacio,Treadaway,htreadaway9e@java.com,Male,5.42.253.246,$35633.73,South Sudan
340,Fredrick,Hoffmann,fhoffmann9f@ovh.net,Male,219.111.236.147,$23435.34,New Zealand
341,Netta,Vicary,nvicary9g@time.com,Female,52.5.33.125,$2294.43,Indonesia
342,Lindsay,Sheron,lsheron9h@fc2.com,Female,32.174.73.113,$11202.11,China
343,Aaren,Fassan,afassan9i@wufoo.com,Agender,223.164.127.47,$22849.05,China
344,Rina,Blyth,rblyth9j@oracle.com,Female,240.252.15.67,$31823.84,Japan
345,Janna,Almeida,jalmeida9k@blogtalkradio.com,Female,16.51.4.255,$8879.20,Indonesia
346,Sydney,Yoskowitz,syoskowitz9l@t-online.de,Female,123.54.101.17,$32705.38,Poland
347,Vincent,Dives,vdives9m@state.tx.us,Male,176.73.6.65,$22526.12,Sweden
348,Marcie,Hawkes,mhawkes9n@mit.edu,Female,26.213.40.68,$14193.83,Colombia
349,Dev,Huetson,dhuetson9o@google.it,Male,92.50.22.106,$25118.11,Sri Lanka
350,Gretchen,Lownes,glownes9p@histats.com,Female,27.13.229.187,$4177.30,United States
351,Janie,Armal,jarmal9q@pcworld.com,Agender,131.48.116.212,$18576.74,Argentina
352,Nike,Richly,nrichly9r@opensource.org,Female,63.143.33.28,$23910.72,China
353,Brandon,Sumpter,bsumpter9s@drupal.org,Male,116.157.50.237,$5709.00,Russia
354,Vale,Maynard,vmaynard9t@marketwatch.com,Genderqueer,135.160.194.123,$25371.34,Argentina
355,Carry,Sor,csor9u@time.com,Female,62.85.161.70,$5358.94,Bulgaria
356,Sibylla,Crowche,scrowche9v@devhub.com,Female,57.198.130.102,$6480.46,South Africa
357,Demott,Pallin,dpallin9w@bandcamp.com,Male,92.44.101.7,$27226.81,Palestinian Territory
358,Pauletta,Gagg,pgagg9x@irs.gov,Female,39.7.172.234,$13041.12,Brazil
359,Guenna,Jefford,gjefford9y@epa.gov,Female,84.176.135.213,$7391.70,Greece
360,Lulu,Mattheus,lmattheus9z@nba.com,Female,199.194.227.160,$4491.56,Chile
361,Barbaraanne,Meddemmen,bmeddemmena0@blogtalkradio.com,Female,74.170.26.56,$35077.00,China
362,Sal,Nickell,snickella1@weibo.com,Female,226.173.58.88,$7805.12,Mexico
363,Leonanie,Piatek,lpiateka2@hostgator.com,Female,147.51.71.147,$11433.68,Portugal
364,Norbie,Hairyes,nhairyesa3@sitemeter.com,Male,69.100.44.228,$6450.99,China
365,Rickie,Bezzant,rbezzanta4@sciencedirect.com,Male,99.221.239.243,$20874.01,China
366,Earl,Sheaf,esheafa5@zimbio.com,Male,171.206.192.156,$34176.81,Indonesia
367,Maisey,Lusted,mlusteda6@webeden.co.uk,Female,151.108.34.78,$22779.97,Russia
368,Felicity,Kett,fketta7@bloglovin.com,Female,151.165.143.29,$3426.78,Poland
369,Josie,Dowdeswell,jdowdeswella8@walmart.com,Female,228.60.34.251,$6465.93,Philippines
370,Rufus,Reddington,rreddingtona9@craigslist.org,Male,163.189.99.215,$29968.44,Nigeria
371,Cairistiona,Linay,clinayaa@usgs.gov,Female,215.204.251.226,$13632.52,China
372,Brett,McBeth,bmcbethab@usa.gov,Female,30.129.93.138,$19253.78,Russia
373,Ettore,Yuill,eyuillac@jimdo.com,Male,82.80.98.220,$9663.93,Indonesia
374,Shayna,Fedynski,sfedynskiad@hugedomains.com,Genderfluid,198.253.126.0,$25619.05,Paraguay
375,Brigida,Allchorne,ballchorneae@google.ru,Genderfluid,222.179.246.67,$30662.97,Nicaragua
376,Stefanie,Pashe,spasheaf@biglobe.ne.jp,Female,210.204.209.221,$17602.79,Indonesia
377,Quinn,Cuddon,qcuddonag@i2i.jp,Polygender,158.227.104.51,$21808.13,Indonesia
378,Markus,Drance,mdranceah@wsj.com,Male,46.32.17.197,$22720.89,Madagascar
379,Dionne,Very,dveryai@cargocollective.com,Female,27.248.148.15,$17254.10,China
380,Brad,Draco,bdracoaj@fda.gov,Male,115.56.121.105,$24735.17,Brazil
381,Madlin,Garaway,mgarawayak@rambler.ru,Female,160.157.184.177,$3283.76,South Sudan
382,Roanna,Mary,rmaryal@timesonline.co.uk,Female,185.249.55.96,$33368.66,Czech Republic
383,Ewan,Muro,emuroam@dropbox.com,Male,21.201.39.71,$3630.04,Ireland
384,Eward,Lindermann,elindermannan@surveymonkey.com,Male,248.86.50.90,$4980.43,Portugal
385,Palm,Ryle,pryleao@mashable.com,Male,214.226.167.205,$6297.47,China
386,Osbourn,Busfield,obusfieldap@livejournal.com,Male,101.232.149.225,$28543.95,Togo
387,Elmira,Nutbrown,enutbrownaq@google.pl,Female,104.219.231.247,$38593.23,Tanzania
388,Bentlee,Reinbach,breinbachar@ted.com,Male,185.245.250.170,$3222.07,Philippines
389,Toddie,Kavanagh,tkavanaghas@umich.edu,Male,210.213.183.28,$34490.00,Brazil
390,Mureil,Ginsie,mginsieat@ocn.ne.jp,Female,115.13.119.189,$39514.18,Honduras
391,Arabel,Gimlet,agimletau@scribd.com,Female,73.200.192.139,$26547.60,China
392,Druci,Tingle,dtingleav@biblegateway.com,Female,251.51.241.145,$32344.26,China
393,Sauncho,Audrey,saudreyaw@ocn.ne.jp,Male,138.141.34.13,$39590.44,Poland
394,Essy,Backshaw,ebackshawax@imageshack.us,Female,224.151.125.235,$34031.27,Kazakhstan
395,Zebulen,Blackstock,zblackstockay@istockphoto.com,Male,42.49.118.202,$27227.79,Niger
396,Inness,Rainsbury,irainsburyaz@nsw.gov.au,Male,208.138.227.18,$17755.07,Brazil
397,Murry,Dickenson,mdickensonb0@etsy.com,Male,58.136.203.93,$5893.52,Indonesia
398,Tasia,McGrath,tmcgrathb1@sitemeter.com,Female,74.32.171.249,$25244.00,Ukraine
399,Fabian,Rosenstein,frosensteinb2@abc.net.au,Male,33.23.252.72,$21557.61,United States
400,Justus,Coley,jcoleyb3@symantec.com,Male,207.121.69.1,$6934.79,China
401,Merlina,McGiveen,mmcgiveenb4@tinyurl.com,Female,84.200.0.82,$13704.35,China
402,Garth,Grasha,ggrashab5@nytimes.com,Male,56.167.135.102,$1951.30,France
403,Min,Collen,mcollenb6@facebook.com,Female,9.63.74.3,$39096.72,Philippines
404,Derward,Earwicker,dearwickerb7@reverbnation.com,Bigender,237.211.220.119,$24807.75,Colombia
405,Teddy,Megahey,tmegaheyb8@amazon.com,Male,205.168.254.73,$36437.28,Nicaragua
406,Shena,Legan,sleganb9@quantcast.com,Female,249.255.5.57,$23230.05,Brazil
407,Nathanael,Stithe,nstitheba@jimdo.com,Male,175.213.95.178,$3724.35,Argentina
408,Evyn,Capponer,ecapponerbb@spotify.com,Male,214.166.35.210,$4304.22,Indonesia
409,Billie,Duiged,bduigedbc@ca.gov,Male,242.2.16.25,$5987.96,Haiti
410,Khalil,Menaul,kmenaulbd@tripod.com,Genderfluid,60.8.182.106,$16236.54,United States
411,Shayla,Flageul,sflageulbe@arstechnica.com,Female,57.44.12.139,$31425.29,China
412,Dieter,Reubens,dreubensbf@csmonitor.com,Male,87.15.43.132,$25403.69,China
413,Isobel,Vido,ividobg@edublogs.org,Female,103.19.114.44,$33655.12,Russia
414,Gaby,Moulding,gmouldingbh@over-blog.com,Male,116.202.238.205,$5122.94,Russia
415,Gawain,Costy,gcostybi@ifeng.com,Male,159.62.254.129,$30315.58,China
416,Damiano,Pedreschi,dpedreschibj@seattletimes.com,Male,117.61.231.81,$24652.41,Canada
417,Stormy,Eivers,seiversbk@themeforest.net,Female,216.202.247.118,$13136.24,Ukraine
418,Cilka,McGloin,cmcgloinbl@webeden.co.uk,Genderfluid,68.190.6.29,$11843.02,Macedonia
419,Georgie,Danielot,gdanielotbm@liveinternet.ru,Male,230.202.127.115,$4084.74,Armenia
420,Chilton,Pavelka,cpavelkabn@odnoklassniki.ru,Male,136.117.228.63,$3822.15,Indonesia
421,Harriot,Bovey,hboveybo@opensource.org,Female,100.215.77.0,$1607.06,Paraguay
422,Genevieve,Lindores,glindoresbp@bizjournals.com,Female,130.139.220.233,$21045.30,Russia
423,Angeli,Umbert,aumbertbq@cnet.com,Male,60.199.208.120,$25467.33,Mexico
424,Trescha,Rolstone,trolstonebr@ezinearticles.com,Female,119.52.76.40,$37208.63,Vietnam
425,Glendon,Sherrington,gsherringtonbs@edublogs.org,Male,68.17.118.81,$14249.62,Kazakhstan
426,Whitaker,Graser,wgraserbt@over-blog.com,Male,144.53.133.31,$12667.67,China
427,Shirlene,Huttley,shuttleybu@sfgate.com,Female,160.132.26.250,$38428.22,Indonesia
428,Laurene,Schoolcroft,lschoolcroftbv@uiuc.edu,Female,193.176.71.215,$4562.99,Indonesia
429,Dirk,Doyley,ddoyleybw@apache.org,Male,151.193.138.110,$32614.17,Indonesia
430,Ody,Rothert,orothertbx@people.com.cn,Male,113.141.133.133,$38893.24,Russia
431,Michail,Whiffen,mwhiffenby@pcworld.com,Genderqueer,34.244.134.216,$25609.00,Canada
432,Karoline,Frostdick,kfrostdickbz@apache.org,Female,130.211.113.101,$6328.84,France
433,Emmalee,Sillito,esillitoc0@msn.com,Female,122.181.140.10,$39964.76,Nigeria
434,Dun,Gasgarth,dgasgarthc1@arizona.edu,Male,239.1.152.194,$24097.57,China
435,Oralle,Downing,odowningc2@techcrunch.com,Female,175.212.68.60,$11265.73,China
436,Agneta,Woollhead,awoollheadc3@army.mil,Female,10.113.118.132,$6601.73,Indonesia
437,Egon,Polamontayne,epolamontaynec4@goo.gl,Male,150.120.142.211,$8017.22,Indonesia
438,Bren,Cropton,bcroptonc5@dedecms.com,Male,197.23.128.168,$1138.65,Brazil
439,Ogdan,Littlejohns,olittlejohnsc6@de.vu,Male,15.73.32.247,$7513.70,Syria
440,Barry,Dimmack,bdimmackc7@salon.com,Male,195.1.101.121,$10075.22,Argentina
441,Craggy,Carik,ccarikc8@nytimes.com,Male,91.141.157.1,$19971.07,China
442,Matthaeus,Kadwallider,mkadwalliderc9@unicef.org,Male,91.199.225.168,$36009.51,China
443,Merrielle,Saing,msaingca@t-online.de,Female,117.195.57.150,$21372.01,Argentina
444,Gnni,Wilshaw,gwilshawcb@drupal.org,Female,108.26.112.217,$8317.04,Swaziland
445,Bambi,Heathcote,bheathcotecc@reuters.com,Female,46.35.190.211,$5099.71,Japan
446,Shannon,Daunay,sdaunaycd@hud.gov,Male,10.253.214.102,$3171.85,China
447,Errol,Manchett,emanchettce@nps.gov,Male,132.57.20.88,$30937.65,Russia
448,Andrus,Slark,aslarkcf@about.me,Male,54.82.8.148,$28547.09,Indonesia
449,Lona,Condon,lcondoncg@youtu.be,Genderqueer,84.204.209.64,$9029.67,Argentina
450,Modestine,Ubanks,mubanksch@seattletimes.com,Female,43.235.200.115,$27410.52,Morocco
451,Gilly,Whatham,gwhathamci@amazon.co.uk,Female,71.190.156.86,$2942.68,Moldova
452,Lissi,Maffei,lmaffeicj@diigo.com,Female,12.142.25.242,$33273.84,Guadeloupe
453,Shermie,Seint,sseintck@who.int,Male,31.131.136.126,$21234.36,Brazil
454,Corette,Kristoffersen,ckristoffersencl@netlog.com,Female,253.5.95.179,$38847.32,Czech Republic
455,Tyne,Codman,tcodmancm@wikipedia.org,Female,46.106.76.131,$28591.22,Indonesia
456,Oswell,Solley,osolleycn@mashable.com,Male,99.187.178.188,$34081.33,Philippines
457,Norman,McGeachy,nmcgeachyco@archive.org,Male,153.252.112.160,$11822.36,Malta
458,Tawsha,Silliman,tsillimancp@yolasite.com,Female,226.166.71.222,$23516.48,Philippines
459,Lulu,Tockell,ltockellcq@opera.com,Female,40.104.29.215,$27760.53,Indonesia
460,Hannie,Iorizzo,hiorizzocr@technorati.com,Female,69.160.85.228,$5019.43,Indonesia
461,De witt,Grunguer,dgrunguercs@fastcompany.com,Male,220.28.64.36,$31186.84,Comoros
462,Tony,McKellar,tmckellarct@jigsy.com,Male,8.22.11.247,$10550.78,Morocco
463,Trace,Andri,tandricu@hao123.com,Male,15.2.200.229,$36363.42,Costa Rica
464,Corri,Mapston,cmapstoncv@toplist.cz,Non-binary,143.93.116.101,$1086.44,Poland
465,Hattie,McClary,hmcclarycw@dailymotion.com,Female,192.97.59.152,$38642.67,Philippines
466,Junette,Sabey,jsabeycx@java.com,Female,250.189.93.168,$17791.23,China
467,Alon,Selborne,aselbornecy@shareasale.com,Male,45.171.148.26,$3750.36,Honduras
468,De,Fransoni,dfransonicz@moonfruit.com,Female,62.197.186.6,$5821.54,China
469,Haley,Tufts,htuftsd0@nature.com,Male,32.126.81.70,$25845.54,Philippines
470,Levi,Holhouse,lholhoused1@nih.gov,Male,99.101.181.53,$16837.45,Nigeria
471,Pepe,MacComiskey,pmaccomiskeyd2@marketwatch.com,Male,40.48.151.56,$37424.15,Philippines
472,Patrick,Dagnall,pdagnalld3@blogspot.com,Male,20.75.246.48,$14020.94,Syria
473,Martica,Petruk,mpetrukd4@ycombinator.com,Female,114.41.111.18,$30522.55,Portugal
474,Tresa,Jados,tjadosd5@microsoft.com,Female,200.202.129.44,$35756.17,Indonesia
475,Balduin,Nortunen,bnortunend6@youku.com,Male,212.213.105.35,$26715.84,Croatia
476,Petronella,Tremblay,ptremblayd7@ifeng.com,Bigender,168.13.200.119,$13999.96,Peru
477,Blane,Jestico,bjesticod8@photobucket.com,Male,95.171.73.18,$32869.00,Ukraine
478,Cirstoforo,Kubera,ckuberad9@ucsd.edu,Male,61.113.246.145,$7382.35,Bahamas
479,Kippie,Gaynsford,kgaynsfordda@reuters.com,Male,33.154.152.56,$5169.93,Jamaica
480,Laurella,Donaghy,ldonaghydb@google.co.uk,Genderqueer,231.170.220.99,$25999.08,Philippines
481,Berte,Croasdale,bcroasdaledc@cornell.edu,Polygender,138.200.240.88,$36784.64,Zambia
482,Berti,Maccari,bmaccaridd@yellowbook.com,Female,23.88.16.89,$12498.47,China
483,Ernestus,Iacomo,eiacomode@businesswire.com,Male,52.70.193.33,$24244.99,Portugal
484,Fergus,Domokos,fdomokosdf@moonfruit.com,Male,171.92.29.75,$17382.81,Germany
485,Ly,Kingsnorth,lkingsnorthdg@yellowpages.com,Male,159.233.56.209,$15814.49,Cuba
486,Garold,Dabell,gdabelldh@goodreads.com,Male,102.216.15.142,$35842.20,Canada
487,Halsey,Haggas,hhaggasdi@dagondesign.com,Genderfluid,130.128.231.180,$25083.28,Indonesia
488,Tabbie,Wankling,twanklingdj@theatlantic.com,Female,12.185.48.141,$12368.01,China
489,Dario,Beringer,dberingerdk@msn.com,Male,247.2.28.238,$32882.13,Brazil
490,Kandace,Paulich,kpaulichdl@yale.edu,Female,95.71.48.73,$15058.39,Mongolia
491,Pammi,Bottrill,pbottrilldm@army.mil,Female,118.64.246.2,$16702.75,Tunisia
492,Chicky,Skaif,cskaifdn@netvibes.com,Male,120.218.148.4,$1791.34,Poland
493,Bab,Austick,baustickdo@canalblog.com,Female,37.233.95.225,$24663.28,Indonesia
494,Clareta,Kopp,ckoppdp@last.fm,Female,88.213.113.204,$29721.94,Palestinian Territory
495,Aldon,Pounder,apounderdq@unc.edu,Male,148.255.181.58,$7906.14,Sweden
496,Tully,Arlet,tarletdr@fc2.com,Male,162.229.230.137,$27315.06,Italy
497,Izabel,Coton,icotonds@baidu.com,Female,190.41.173.233,$35256.33,China
498,Blair,Lorent,blorentdt@blogs.com,Male,113.179.111.92,$30822.31,Indonesia
499,Karlotte,Pickle,kpickledu@mapy.cz,Female,39.201.198.24,$32069.27,Brazil
500,Saw,Galvin,sgalvindv@merriam-webster.com,Male,233.164.249.119,$4996.27,China
